R,Nome,R_Mantra,Squadra_y,Tit,Quote,Predict,Predict STD,FinVal,Diff,Tot. (%),SpesaPer,SpesaM,SpesaDiff,TA,LJAJIC,Torino,16
A,TUMMINELLO,Pc,Atalanta,0.5,7.0,5.580843028059676,0.2394284813373557,6.068516046631141,-0.9314839533688595,2.45,7.350000000000001,14.33702800860762,13.97405601721524,Pc,TUMMINELLO,Atalanta,7
A,CORNELIUS,Pc,Atalanta,0.45,4.0,5.447368135847972,0.2066393580322145,4.131547663348051,0.1315476633480519,2.44,7.32,10.91888776877643,7.197775537552857,Pc,CORNELIUS,Atalanta,4
D,RECA,Ds;E,Atalanta,0.5,5.0,5.491859766585206,0.2175690658005949,5.249671715582106,0.2496717155821058,0.68,2.04,10.24336637778256,16.40673275556513,DsE,RECA,Atalanta,5
C,PESSINA,C,Atalanta,0.45,5.0,5.491859766585206,0.2175690658005949,4.540969828872568,-0.4590301711274316,1.02,3.06,9.508218584188958,12.89643716837791,C,PESSINA,Atalanta,5
D,MATTIELLO,E,Bologna,0.75,7.999999999999999,5.580309660353424,0.2514505537238454,9.75091090979072,1.750910909790721,0.99,2.97,18.61678055899528,31.29356111799056,E,MATTIELLO,Bologna,8
P,SKORUPSKI,Por,Bologna,0.9,9.0,5.62480129109066,0.2623802614922259,12.28643873544386,3.286438735443856,3.26,9.78,26.47655475518864,33.39310951037727,Por,SKORUPSKI,Bologna,9
D,DE MAIO,Dc,Bologna,0.75,7.0,5.535818029616189,0.2405208459554651,9.341488744266197,2.341488744266197,1.35,4.050000000000001,18.43744974358274,28.77489948716548,Dc,DE MAIO,Bologna,7
C,DONSAH,M;C,Bologna,0.75,7.999999999999999,5.580309660353424,0.2514505537238454,9.75091090979072,1.750910909790721,0.92,2.76,18.51178055899528,31.50356111799055,MC,DONSAH,Bologna,8
C,KREJCI,W,Bologna,0.45,5.0,5.446834768141719,0.2186614304187043,4.270433092959935,-0.7295669070400654,0.58,1.74,8.372901351196047,13.2658027023921,W,KREJCI,Bologna,5
A,OKWONKWO,A,Bologna,0.5,5.0,5.446834768141719,0.2186614304187043,4.979134979669478,-0.02086502033052184,1.4,4.199999999999999,10.84804914478966,13.29609828957933,A,OKWONKWO,Bologna,5
C,SVANBERG,E;M,Bologna,0.45,3.0,5.357851506667249,0.1968020148819434,3.451588761910894,0.4515887619108936,0.88,2.64,7.384239720370982,9.488479440741964,EM,SVANBERG,Bologna,3
C,CIGARINI,M;C,Cagliari,0.7,7.0,5.534289403125824,0.240557932408549,8.623601968374437,1.623601968374437,2.58,7.74,19.02116463652332,22.56232927304664,MC,CIGARINI,Cagliari,7
D,ANDREOLLI,Dc,Cagliari,0.3,4.0,5.400814510914119,0.2077688091034078,1.725720378124583,-2.274279621875416,1.08,3.24,4.651989841536891,2.823979683073782,Dc,ANDREOLLI,Cagliari,4
A,CERRI,Pc,Cagliari,0.6,7.0,5.534289403125824,0.240557932408549,7.206198194955364,0.2061981949553635,4.29,12.87,19.09586904933612,12.45173809867223,Pc,CERRI,Cagliari,7
D,CAPUANO,Ds;Dc,Frosinone,0.7,5.0,5.440938637393167,0.2188044781663138,7.778515096804782,2.778515096804782,0.94,2.82,15.07639639579596,24.51279279159192,DsDc,CAPUANO,Frosinone,5
D,PISACANE,Dd;Ds;Dc,Cagliari,0.55,4.0,5.400814510914119,0.2077688091034078,5.269229811672281,1.269229811672281,1.1,3.3,10.90772880950493,15.21545761900987,DdDsDc,PISACANE,Cagliari,4
C,BRADARIC,M;C,Cagliari,0.65,9.0,5.623272664600294,0.2624173479453099,8.733744412713936,-0.2662555872860644,1.37,4.11,17.39967847375477,26.57935694750955,MC,BRADARIC,Cagliari,9
A,MEGGIORINI,A,Chievo,0.5,6.0,5.491326398878955,0.2295911381870847,5.388557145193989,-0.6114428548060111,0.76,2.28,10.60737996020218,16.65475992040436,A,MEGGIORINI,Chievo,6
A,PELLISSIER,Pc,Chievo,0.45,3.0,5.357851506667249,0.1968020148819434,3.451588761910894,0.4515887619108936,1.0,3.0,7.564239720370982,9.128479440741964,Pc,PELLISSIER,Chievo,3
A,PUCCIARELLI,A,Chievo,0.55,4.0,5.402343137404484,0.2077317226503239,5.278414700854498,1.278414700854498,2.49,7.470000000000001,13.00886612297074,11.07773224594148,A,PUCCIARELLI,Chievo,4
C,KIYINE,C;W;T,Chievo,0.55,4.0,5.402343137404484,0.2077317226503239,5.278414700854498,1.278414700854498,0.5,1.5,10.02386612297074,17.04773224594148,CWT,KIYINE,Chievo,4
C,VIGNATO,T;A,Chievo,0.2,0.9999999999999999,5.268868245192779,0.1749425993451826,-0.9107650026858258,-1.910765002685826,0.22,0.66,-1.270160878422095,-3.860321756844191,TA,VIGNATO,Chievo,1
D,RIGIONE,Dc,Chievo,0.1,0.9999999999999999,5.268868245192779,0.1749425993451826,-2.3281687761049,-3.3281687761049,0.2,0.6000000000000001,-3.790456465609305,-8.780912931218609,Dc,RIGIONE,Chievo,1
D,JAROSZYNSKI,Ds;E,Chievo,0.6,5.0,5.446834768141719,0.2186614304187043,6.396538753088552,1.396538753088552,0.44,1.32,11.89834473197687,21.15668946395374,DsE,JAROSZYNSKI,Chievo,5
D,BANI,Dc,Chievo,0.75,6.0,5.491326398878955,0.2295911381870847,8.932066578741686,2.932066578741686,1.16,3.48,17.43311892817022,27.90623785634045,Dc,BANI,Chievo,5
D,MAIETTA,Dc,Empoli,0.7,5.0,5.445306141651353,0.2186985168717882,7.804757637325409,2.804757637325409,0.94,2.82,15.12250300569828,24.60500601139655,Dc,MAIETTA,Empoli,5
C,LOLLO,C,Empoli,0.45,3.0,5.356322880176885,0.1968391013350274,3.442403872728684,0.4424038727286836,1.03,3.09,7.59310240690519,9.00620481381038,C,LOLLO,Empoli,3
A,MCHEDLIDZE,Pc,Empoli,0.5,5.0,5.445306141651353,0.2186985168717882,4.969950090487255,-0.03004990951274511,0.76,2.28,9.871911831323848,15.18382366264769,Pc,MCHEDLIDZE,Empoli,5
C,CAPEZZI,M;C,Empoli,0.8,5.0,5.445306141651353,0.2186985168717882,9.222161410744489,4.222161410744489,1.71,5.13,18.76779859288549,27.27559718577099,MC,CAPEZZI,Empoli,5
A,JAKUPOVIC,Pc,Empoli,0.4,0.9999999999999999,5.267339618702414,0.1749796857982666,1.914857654970112,0.9148576549701121,0.28,0.8400000000000001,3.784292982486528,5.888585964973057,Pc,JAKUPOVIC,Empoli,1
A,MRAZ,Pc,Empoli,0.5,6.0,5.489797772388589,0.2296282246401686,5.379372256011779,-0.6206277439882211,0.46,1.38,10.14124264673639,17.52248529347278,Pc,MRAZ,Empoli,6
D,RASMUSSEN,Dc,Empoli,0.7,3.0,5.356322880176885,0.1968391013350274,6.985913306276375,3.985913306276375,0.43,1.29,12.91884137487322,23.25768274974644,Dc,RASMUSSEN,Empoli,3
P,PROVEDEL,Por,Empoli,0.8,6.0,5.489797772388589,0.2296282246401686,9.631583576269007,3.631583576269007,1.34,4.02,18.93212940829802,29.82425881659605,Por,PROVEDEL,Empoli,6
C,BENNACER,C,Empoli,0.8,5.0,5.445306141651353,0.2186985168717882,9.222161410744489,4.222161410744489,2.37,7.11,19.75779859288549,25.29559718577099,C,BENNACER,Empoli,5
D,LAURINI,Dd;E,Fiorentina,0.5,3.0,5.38851138655972,0.1960581665943738,4.344513283075246,1.344513283075246,0.2,0.6000000000000001,7.933055915478843,14.66611183095769,DdE,LAURINI,Fiorentina,3
A,THEREAU,A,Fiorentina,0.3,13.0,5.83342769393207,0.3053552442781778,5.603927391482252,-7.396072608517748,2.38,7.14,13.41577289522967,12.55154579045934,A,THEREAU,Fiorentina,13
D,DIKS,Dd;E,Fiorentina,0.4,4.0,5.433003017296954,0.2069878743627542,3.336531675180677,-0.6634683248193229,0.22,0.66,6.192091143704141,11.06418228740828,DdE,DIKS,Fiorentina,4
A,ZEKHNINI,A,Fiorentina,0.1,2.0,5.344019755822484,0.1851284588259934,-1.734523976125586,-3.734523976125586,0.5,1.5,-2.297457248682552,-7.594914497365103,A,ZEKHNINI,Fiorentina,2
C,NORGAARD,M;C,Fiorentina,0.6,5.0,5.477494648034188,0.2179175821311346,6.580761387543347,1.580761387543347,1.28,3.84,13.48201313349109,19.28402626698219,MC,NORGAARD,Fiorentina,5
A,SOTTIL,A,Fiorentina,0.1,2.0,5.344019755822484,0.1851284588259934,-1.734523976125586,-3.734523976125586,0.28,0.8400000000000001,-2.627457248682552,-6.934914497365103,A,SOTTIL,Fiorentina,2
A,GRAICIAR,Pc,Fiorentina,0.3,0.9999999999999999,5.299528125085249,0.174198751057613,0.6908614051880507,-0.3091385948119492,0.2,0.6000000000000001,1.513803110279348,1.827606220558696,Pc,GRAICIAR,Fiorentina,1
A,VLAHOVIC,Pc,Fiorentina,0.45,0.9999999999999999,5.299528125085249,0.174198751057613,2.816967065316661,1.816967065316661,0.68,2.04,5.96924649106016,7.85849298212032,Pc,VLAHOVIC,Fiorentina,1
P,SPORTIELLO,Por,Frosinone,0.9,6.0,5.485430268130402,0.2297341859346942,11.02274480916745,5.022744809167452,1.03,3.09,20.91131838558292,35.64263677116583,Por,SPORTIELLO,Frosinone,6
C,GORI,M;C,Frosinone,0.45,0.9999999999999999,5.262972114444227,0.1750856470927922,2.597317001159021,1.597317001159021,1.0,3.0,6.063334166177819,6.126668332355639,MC,GORI,Frosinone,1
C,PAGANINI,W,Frosinone,0.1,2.0,5.307463745181462,0.1860153548611726,-1.954174040283233,-3.954174040283233,0.72,2.16,-2.353369573564905,-9.02673914712981,W,PAGANINI,Frosinone,2
A,DIONISI,Pc,Frosinone,0.55,10.0,5.663396791079342,0.2734530170082158,7.699520264298751,-2.300479735701249,0.85,2.55,14.80260709207778,24.50521418415555,Pc,DIONISI,Frosinone,10
D,GHIGLIONE,Dd;E,Frosinone,0.65,2.0,5.307463745181462,0.1860153548611726,5.841546713521693,3.841546713521693,1.09,3.27,11.89825615596478,17.25651231192955,DdE,GHIGLIONE,Frosinone,2
D,ARIAUDO,Dc,Frosinone,0.55,4.0,5.396447006655932,0.2078747703979334,5.242987271151653,1.242987271151654,1.36,4.08,11.25162219960262,14.34324439920525,Dc,ARIAUDO,Frosinone,4
C,HALLFREDSSON,M;C,Frosinone,0.75,4.0,5.396447006655932,0.2078747703979334,8.077794817989808,4.077794817989808,1.19,3.57,15.97721337397705,24.8144267479541,MC,HALLFREDSSON,Frosinone,4
C,MAIELLO,C,Frosinone,0.8,5.0,5.440938637393167,0.2188044781663138,9.195918870223862,4.195918870223862,1.51,4.53,18.42169198298318,27.78338396596637,C,MAIELLO,Frosinone,5
D,KRAJNC,Dc,Frosinone,0.55,4.0,5.396447006655932,0.2078747703979334,5.242987271151653,1.242987271151654,0.72,2.16,10.29162219960262,16.26324439920525,Dc,KRAJNC,Frosinone,4
C,LAZOVIC,E;C,Genoa,0.5,6.0,5.499910471586405,0.2293828774957119,5.440135314908438,-0.5598646850915623,0.64,1.92,10.51799978981167,17.19599957962334,EC,LAZOVIC,Genoa,6
C,BESSA,C;T,Genoa,0.6,7.0,5.54440210232364,0.2403125852640923,7.266961253852022,0.2669612538520223,0.69,2.07,13.8026261924114,23.46525238482279,CT,BESSA,Genoa,7
C,HILJEMARK,C,Genoa,0.75,6.0,5.499910471586405,0.2293828774957119,8.983644748456122,2.983644748456122,0.95,2.85,17.20873875777969,28.71747751555938,C,HILJEMARK,Genoa,6
A,LAPADULA,Pc,Genoa,0.5,12.0,5.766860256009815,0.2949611241059943,7.896668308055529,-4.103331691944471,3.92,11.76,19.75398468228681,15.98796936457363,Pc,LAPADULA,Genoa,12
C,MAZZITELLI,M;C,Genoa,0.55,6.0,5.499910471586405,0.2293828774957119,6.148837201617975,0.1488372016179751,0.6,1.8,11.70314758340528,19.80629516681055,MC,MAZZITELLI,Genoa,6
C,OMEONGA,C,Genoa,0.3,4.0,5.410927210111935,0.2075234619589511,1.786483437021243,-2.213516562978757,0.4,1.2,3.738746984612176,5.077493969224352,C,OMEONGA,Genoa,4
D,GUNTER,Dc,Genoa,0.5,3.0,5.366435579374699,0.1965937541905707,4.211868818334866,1.211868818334866,0.84,2.52,8.660007343574051,12.2800146871481,Dc,GUNTER,Genoa,3
C,ROLON,M;C,Genoa,0.45,5.0,5.45541884084917,0.2184531697273315,4.322011262674371,-0.677988737325629,0.97,2.91,9.048521180805515,12.27704236161103,MC,ROLON,Genoa,5
C,BORJA VALERO,C,Inter,0.45,5.0,5.861248529325652,0.2086072173010042,6.760475294931366,1.760475294931366,0.95,2.85,13.30275996506964,20.90551993013929,C,BORJA VALERO,Inter,5
D,RANOCCHIA,Dc,Inter,0.4,4.0,5.816756898588417,0.1976775095326238,5.642351242697305,1.642351242697306,0.52,1.56,10.6932813560635,18.266562712127,Dc,RANOCCHIA,Inter,4
C,BIABIANY,W,Parma,0.6,5.0,5.440938637393167,0.2188044781663138,6.361111323385708,1.361111323385708,2.24,6.720000000000001,14.53610080860875,15.63220161721751,W,BIABIANY,Parma,5
A,PINAMONTI,Pc,Frosinone,0.5,6.0,5.485430268130402,0.2297341859346942,5.353129715491145,-0.6468702845088554,0.78,2.34,10.57513603683406,16.47027207366812,Pc,PINAMONTI,Frosinone,6
A,KARAMOH,A,Inter,0.5,9.0,6.039215052274592,0.2523260483745258,9.106865843738978,0.1068658437389782,1.98,5.94,18.97023102031337,26.06046204062675,A,KARAMOH,Inter,9
A,COLIDIO,Pc,Inter,0.1,0.9999999999999999,5.683282006376712,0.1648883862274826,0.1618734258665191,-0.8381265741334808,0.24,0.72,0.6444021482642707,-0.1511957034714586,Pc,COLIDIO,Inter,1
D,BARZAGLI,Dc,Juventus,0.45,3.0,5.935701508791417,0.1827826274590408,6.923652256105129,3.923652256105129,0.9,2.7,13.51445234868128,21.62890469736256,Dc,BARZAGLI,Juventus,3
D,RUGANI,Dc,Juventus,0.5,7.999999999999999,6.158159662477592,0.2374311663009428,9.679464970437259,1.67946497043726,1.5,4.5,19.25625421933754,29.51250843867507,Dc,RUGANI,Juventus,8
D,SPINAZZOLA,Ds;E,Juventus,0.5,6.0,6.069176401003122,0.215571750764182,8.860620639388223,2.860620639388223,0.71,2.13,16.63259258851248,29.00518517702496,DsE,SPINAZZOLA,Juventus,6
D,BASTA,Dd;E,Lazio,0.45,3.0,5.507023614605612,0.1931829068674217,4.347902733392894,1.347902733392894,0.35,1.05,8.164010981584438,14.22802196316887,DdE,BASTA,Lazio,3
D,PATRIC,Dd;Ds;E,Lazio,0.35,2.0,5.462531983868377,0.1822531990990413,2.521076794449303,0.5210767944493033,0.23,0.6900000000000001,4.774384578984701,8.168769157969404,DdDsE,PATRIC,Lazio,2
C,CATALDI,M;C,Lazio,0.3,4.0,5.551515245342847,0.2041126146358022,2.6312192387888,-1.368780761211199,0.85,2.55,5.897898416216151,6.695796832432303,MC,CATALDI,Lazio,4
C,MURGIA,M;C,Lazio,0.4,3.0,5.507023614605612,0.1931829068674217,3.639200846683357,0.639200846683357,0.75,2.25,7.518863187990833,10.53772637598167,MC,MURGIA,Lazio,3
D,WALLACE,Dc,Lazio,0.55,5.0,5.596006876080082,0.2150423224041826,6.584150837861009,1.584150837861009,0.82,2.46,12.79796819959671,20.67593639919343,Dc,WALLACE,Lazio,5
A,LOMBARDI,W;A,Lazio,0.45,3.0,5.507023614605612,0.1931829068674217,4.347902733392894,1.347902733392894,0.95,2.85,9.064010981584438,12.42802196316888,WA,LOMBARDI,Lazio,3
D,DURMISI,Ds;E,Lazio,0.5,5.0,5.596006876080082,0.2150423224041826,5.875448951151472,0.8754489511514718,0.53,1.59,11.11782040600311,19.05564081200622,DsE,DURMISI,Lazio,5
D,ABATE,Dd;E,Milan,0.45,3.0,5.669310629587375,0.1892456142683523,5.323018798511217,2.323018798511217,0.36,1.08,9.89223291558697,17.62446583117394,DdE,ABATE,Milan,3
D,ANTONELLI,Ds;E,Empoli,0.65,4.0,5.400814510914119,0.2077688091034078,6.686633585091355,2.686633585091356,0.44,1.32,12.40802439669215,22.17604879338429,DsE,ANTONELLI,Empoli,4
C,BERTOLACCI,C,Milan,0.5,7.0,5.847277152536315,0.2329644453418739,7.669409347318823,0.6694093473188225,3.39,10.17,18.55970397083069,16.77940794166138,C,BERTOLACCI,Milan,7
C,MONTOLIVO,M;C,Milan,0.4,4.0,5.71380226032461,0.2001753220367327,5.02373907732619,1.02373907732619,0.55,1.65,9.651415937405881,16.00283187481176,MC,MONTOLIVO,Milan,4
D,STRINIC,Ds;E,Milan,0.55,5.0,5.758293891061846,0.2111050298051131,7.559266902979331,2.559266902979331,0.74,2.22,14.39119013359924,24.34238026719849,DsE,STRINIC,Milan,5
D,MUSACCHIO,Dc,Milan,0.5,5.0,5.758293891061846,0.2111050298051131,6.850565016269788,1.850565016269788,0.76,2.28,13.17604234000563,21.79208468001126,Dc,MUSACCHIO,Milan,5
C,BORINI,W,Milan,0.55,6.0,5.80278552179908,0.2220347375734935,7.968689068503848,1.968689068503848,2.3,6.899999999999999,17.45052094901177,21.10104189802355,W,BORINI,Milan,6
C,HALILOVIC,T,Milan,0.5,2.0,5.624818998850141,0.1783159064999719,5.622298519696242,3.622298519696242,0.89,2.67,11.21304989376806,17.08609978753611,T,HALILOVIC,Milan,2
C,GRASSI,C,Parma,0.8,9.0,5.618905160342107,0.2625233092398354,10.83360753232192,1.833607532321924,1.35,4.050000000000001,21.05901524463327,34.01803048926655,C,GRASSI,Parma,9
D,MAKSIMOVIC,Dc,Napoli,0.45,4.0,5.816756898588417,0.1976775095326238,6.351053129406843,2.351053129406843,0.38,1.14,11.72842914965711,21.17685829931421,Dc,MAKSIMOVIC,Napoli,4
D,CHIRICHES,Dc,Napoli,0.45,3.0,5.772265267851182,0.1867478017642434,5.941630963882332,2.941630963882332,0.29,0.8699999999999999,10.87409833424459,20.00819666848918,Dc,CHIRICHES,Napoli,3
C,ROG,C;T,Napoli,0.45,5.0,5.861248529325652,0.2086072173010042,6.760475294931366,1.760475294931366,0.73,2.19,12.97275996506965,21.56551993013929,CT,ROG,Napoli,5
A,YOUNES,A,Napoli,0.45,3.0,5.772265267851182,0.1867478017642434,5.941630963882332,2.941630963882332,0.16,0.48,10.67909833424459,20.39819666848918,A,YOUNES,Napoli,3
P,SEPE,Por,Parma,0.9,6.0,5.485430268130402,0.2297341859346942,11.02274480916745,5.022744809167452,0.68,2.04,20.38631838558291,36.69263677116583,Por,SEPE,Parma,6
D,DIMARCO,Ds;E,Parma,0.65,5.0,5.440938637393167,0.2188044781663138,7.069813210095244,2.069813210095244,0.93,2.79,13.81624860220236,22.05249720440472,DsE,DIMARCO,Parma,5
C,DEZI,C,Parma,0.75,5.0,5.440938637393167,0.2188044781663138,8.487216983514319,3.487216983514319,1.94,5.82,17.82154418938957,24.00308837877913,C,DEZI,Parma,5
D,GAZZOLA,Dd;E,Parma,0.75,5.0,5.440938637393167,0.2188044781663138,8.487216983514319,3.487216983514319,1.12,3.36,16.59154418938957,26.46308837877913,DdE,GAZZOLA,Parma,5
A,SILIGARDI,A,Parma,0.5,7.0,5.529921898867637,0.2406638937030746,5.762551881015668,-1.237448118984332,1.75,5.25,12.7494668522466,14.9989337044932,A,SILIGARDI,Parma,8
A,BARAYE,A,Parma,0.3,5.0,5.440938637393167,0.2188044781663138,2.108900003128473,-2.891099996871527,3.1,9.3,8.355214047047106,-1.88957190590579,A,BARAYE,Parma,5
A,DA CRUZ,A,Parma,0.4,5.0,5.440938637393167,0.2188044781663138,3.526303776547553,-1.473696223452447,1.07,3.21,7.800509634234325,9.18101926846865,A,DA CRUZ,Parma,5
D,JUAN JESUS,Ds;Dc,Roma,0.4,7.0,5.950231790800122,0.230466632837765,6.870617739270857,-0.1293822607291428,1.05,3.15,13.64627380230108,20.99254760460217,DsDc,JUAN JESUS,Roma,7
D,SANTON,Dd;Ds;E,Roma,0.4,4.0,5.816756898588417,0.1976775095326238,5.642351242697305,1.642351242697306,1.65,4.949999999999999,12.3882813560635,14.876562712127,DdDsE,SANTON,Roma,4
C,STROOTMAN,M;C,Roma,0.7,12.0,6.172689944486297,0.285115171679667,13.16993988715067,1.169939887150672,3.41,10.23,28.25381464092536,36.04762928185072,MC,STROOTMAN,Roma,12
D,KARSDORP,Dd;E,Roma,0.45,6.0,5.905740160062887,0.2195369250693846,7.169897460455884,1.169897460455884,0.77,2.31,13.75209078048217,22.88418156096435,DdE,KARSDORP,Roma,6
D,REGINI,Ds;Dc,Sampdoria,0.45,3.0,5.377224507698205,0.1963320008540835,3.567993173791678,0.5679931737916784,0.4,1.2,6.868755468580529,11.33751093716106,DsDc,REGINI,Sampdoria,3
D,SALA,Dd;E,Sampdoria,0.45,3.0,5.377224507698205,0.1963320008540835,3.567993173791678,0.5679931737916784,0.64,1.92,7.22875546858053,10.61751093716106,DdE,SALA,Sampdoria,3
C,STIJEPOVIC,W;A,Sampdoria,0.2,0.9999999999999999,5.288241246223735,0.1744725853173227,-0.7943605908050476,-1.794360590805048,0.54,1.62,-0.5856451302125576,-4.411290260425115,WA,STIJEPOVIC,Sampdoria,1
C,PEETERS,M;C,Sampdoria,0.1,0.9999999999999999,5.288241246223735,0.1744725853173227,-2.211764364224128,-3.211764364224128,0.21,0.63,-3.570940717399777,-8.401881434799554,MC,PEETERS,Sampdoria,1
C,VIEIRA,M;C,Sampdoria,0.55,6.0,5.51069939990991,0.2291211241592247,6.21366344378431,0.2136634437843101,0.96,2.88,12.35704350200533,18.95408700401067,MC,VIEIRA,Sampdoria,6
A,MATRI,Pc,Sassuolo,0.3,3.0,5.363460021281725,0.1966659450732417,1.359182364182547,-1.640817635817453,1.12,3.36,4.068003974013497,1.416007948026992,Pc,MATRI,Sassuolo,3
D,PELUSO,Ds;Dc,Sassuolo,0.45,4.0,5.40795165201896,0.2075956528416221,3.894710189835682,-0.1052898101643178,0.76,2.28,7.982778170206849,11.4055563404137,DsDc,PELUSO,Sassuolo,4
C,MAGNANELLI,M;C,Sassuolo,0.6,5.0,5.452443282756195,0.2185253606100025,6.430238015488817,1.430238015488817,1.26,3.78,13.1875523664002,18.8151047328004,MC,MAGNANELLI,Sassuolo,5
A,TROTTA,Pc,Sassuolo,0.3,7.999999999999999,5.5859181749679,0.2513144839151437,3.40629319180514,-4.59370680819486,2.45,7.350000000000001,9.659658051076146,4.619316102152292,Pc,TROTTA,Sassuolo,8
D,ADJAPONG,Dd;E,Sassuolo,0.6,3.0,5.363460021281725,0.1966659450732417,5.611393684439782,2.611393684439782,1.25,3.75,11.73389073557514,15.96778147115029,DdE,ADJAPONG,Sassuolo,3
C,DJURICIC,T,Sassuolo,0.55,5.0,5.452443282756195,0.2185253606100025,5.721536128779279,0.7215361287792792,0.88,2.64,11.3724045728066,17.46480914561319,T,DJURICIC,Sassuolo,5
C,CASSATA,C,Frosinone,0.65,2.0,5.307463745181462,0.1860153548611726,5.841546713521693,3.841546713521693,0.35,1.05,10.78825615596478,19.47651231192955,C,CASSATA,Frosinone,2
A,BRIGNOLA,A,Sassuolo,0.6,9.0,5.630409805705136,0.2622441916835241,8.067926677586891,-0.9320733224131086,2.95,8.850000000000001,18.59987562805032,19.49975125610064,A,BRIGNOLA,Sassuolo,9
A,ODGAARD,Pc,Sassuolo,0.2,0.9999999999999999,5.274476759807255,0.1748065295364809,-0.8770657402855547,-1.877065740285555,0.45,1.35,-0.8659532439987556,-4.431906487997511,Pc,ODGAARD,Sassuolo,1
C,BOURABIA,C,Sassuolo,0.5,5.0,5.452443282756195,0.2185253606100025,5.012834242069743,0.01283424206974271,0.13,0.39,9.002256779212992,17.22451355842598,C,BOURABIA,Sassuolo,5
C,BOGA,T;A,Sassuolo,0.55,7.999999999999999,5.5859181749679,0.2513144839151437,6.949802625352831,-1.050197374647168,2.11,6.33,15.37539701904418,18.09079403808835,TA,BOGA,Sassuolo,8
D,SALAMON,Dc,Frosinone,0.7,4.0,5.396447006655932,0.2078747703979334,7.369092931280264,3.369092931280264,0.91,2.73,14.31206558038343,23.16413116076687,Dc,SALAMON,Frosinone,4
A,FLOCCARI,Pc,SPAL,0.4,5.0,5.441914817980677,0.2187807947643917,3.532169245041405,-1.467830754958595,0.2,0.6000000000000001,6.505814919560179,11.81162983912036,Pc,FLOCCARI,SPAL,5
C,FARES,E,SPAL,0.65,6.0,5.486406448717911,0.2297105025327721,7.485100844113607,1.485100844113607,1.03,3.09,14.69588470294073,23.21176940588145,E,FARES,SPAL,6
C,SCHIATTARELLA,C,SPAL,0.75,3.0,5.352931556506205,0.1969213792276309,7.674238120959129,4.674238120959129,2.73,8.19,17.57818784389035,18.77637568778071,C,SCHIATTARELLA,SPAL,4
C,VALOTI,C;T,SPAL,0.55,5.0,5.441914817980677,0.2187807947643917,5.658274905170023,0.658274905170023,1.42,4.26,12.071258300341,15.62251660068201,CT,VALOTI,SPAL,5
C,EVERTON LUIZ,M;C,SPAL,0.5,7.0,5.530898079455147,0.2406402103011525,5.768417349509513,-1.231582650490487,0.81,2.43,11.34977213757244,17.83954427514488,MC,EVERTON LUIZ,SPAL,7
D,DICKMANN,Dd;E,SPAL,0.45,2.0,5.308439925768972,0.1859916714592505,3.01260463517739,1.012604635177391,1.5,4.5,7.542970266916199,6.085940533832398,DdE,DICKMANN,SPAL,2
A,NIANG,A,Torino,0.45,12.0,5.788936063194835,0.2944255365097974,7.320610886086351,-4.679389113913649,3.21,9.629999999999999,17.67688546059797,16.09377092119593,A,NIANG,Torino,12
C,VALDIFIORI,C,SPAL,0.55,2.0,5.308439925768972,0.1859916714592505,4.43000840859647,2.43000840859647,1.1,3.3,9.43326585410342,12.26653170820684,C,VALDIFIORI,SPAL,2
C,ACQUAH,M;C,Empoli,0.6,4.0,5.400814510914119,0.2077688091034078,5.977931698381818,1.977931698381818,0.63,1.89,11.44787660309854,19.11575320619708,MC,ACQUAH,Empoli,5
A,EDERA,A,Torino,0.5,4.0,5.433003017296954,0.2069878743627542,4.753935448599757,0.7539354485997571,0.35,1.05,8.87738673089136,15.65477346178272,A,EDERA,Torino,4
A,PARIGINI,W;A,Torino,0.1,7.0,5.566477909508659,0.2397769976678954,0.312586851496987,-6.687413148503013,0.75,2.25,1.674196828380064,-1.151606343239872,WA,PARIGINI,Torino,7
D,LYANCO,Dc,Torino,0.55,6.0,5.521986278771425,0.228847289899515,6.281481666358328,0.2814816663583279,0.46,1.38,11.72619615531002,20.69239231062004,Dc,LYANCO,Torino,6
D,BONIFAZI,Dc,SPAL,0.7,3.0,5.352931556506205,0.1969213792276309,6.965536234249592,3.965536234249592,0.47,1.41,12.94304005029675,23.0660801005935,Dc,BONIFAZI,SPAL,3
D,BREMER,Dc,Torino,0.55,4.0,5.433003017296954,0.2069878743627542,5.462637335309294,1.462637335309295,0.47,1.41,10.30253452448497,17.78506904896993,Dc,BREMER,Torino,4
A,DAMASCAN,Pc,Torino,0.1,0.9999999999999999,5.299528125085249,0.174198751057613,-2.14394614165011,-3.14394614165011,0.67,2.01,-2.761788064095091,-9.543576128190182,Pc,DAMASCAN,Torino,1
D,ADNAN,Ds;E,Atalanta,0.45,3.0,5.402876505110735,0.1957096502638341,3.722125497823541,0.7221254978235407,1.05,3.15,8.114556953363916,9.92911390672783,DsE,ADNAN,Atalanta,3
D,WAGUE,Dc,Udinese,0.45,0.9999999999999999,5.274476759807255,0.1748065295364809,2.666443693262137,1.666443693262137,0.59,1.77,5.569785723969278,7.599571447938557,Dc,WAGUE,Udinese,1
C,BADU,M;C,Udinese,0.5,5.0,5.452443282756195,0.2185253606100025,5.012834242069743,0.01283424206974271,1.2,3.6,10.60725677921299,14.01451355842598,MC,BADU,Udinese,5
C,PONTISSO,M;C,Udinese,0.1,0.9999999999999999,5.274476759807255,0.1748065295364809,-2.294469513704628,-3.294469513704628,0.23,0.6900000000000001,-3.686248831185963,-8.752497662371926,MC,PONTISSO,Udinese,1
A,VIZEU,Pc,Udinese,0.55,9.0,5.630409805705136,0.2622441916835241,7.359224790877355,-1.640775209122645,3.42,10.26,18.05972783445672,15.59945566891344,Pc,VIZEU,Udinese,9
P,MUSSO,Por,Udinese,0.75,7.999999999999999,5.5859181749679,0.2513144839151437,9.784610172190986,1.784610172190987,2.65,7.949999999999999,21.16598819341861,26.43197638683722,Por,MUSSO,Udinese,8
D,OPOKU,Dc,Udinese,0.45,3.0,5.363460021281725,0.1966659450732417,3.485288024311164,0.4852880243111644,0.41,1.23,6.73844735479432,11.01689470958864,Dc,OPOKU,Udinese,3
D,TER AVEST,Dd;E,Udinese,0.45,3.0,5.363460021281725,0.1966659450732417,3.485288024311164,0.4852880243111644,0.58,1.74,6.99344735479432,10.50689470958864,DdE,TER AVEST,Udinese,3
